query_id,n_tables,n_joins,n_subqueries,n_ctes,n_inner_joins,n_left_joins,n_right_joins,n_full_joins,n_cross_joins,has_group_by,has_order_by,has_limit,has_distinct,has_having,has_case,has_aggregates,aggregate_types,n_aggregate_types,n_aggregate_calls,n_where_predicates,where_operators,n_having_predicates,having_operators,has_window,has_union,has_except,has_intersect,has_grouping,has_rollup,has_cube
Q001,3,2,0,0,2,0,0,0,0,TRUE,TRUE,TRUE,FALSE,FALSE,FALSE,TRUE,SUM,1,1,1,=,0,,FALSE,FALSE,FALSE,FALSE,FALSE,FALSE,FALSE
Q002,3,2,0,0,2,0,0,0,0,TRUE,TRUE,FALSE,FALSE,FALSE,FALSE,TRUE,"COUNT, SUM",2,2,1,=,0,,FALSE,FALSE,FALSE,FALSE,FALSE,FALSE,FALSE
Q003,4,3,0,0,3,0,0,0,0,TRUE,TRUE,TRUE,TRUE,FALSE,FALSE,TRUE,COUNT,1,1,1,=,0,,FALSE,FALSE,FALSE,FALSE,FALSE,FALSE,FALSE
Q004,6,5,0,0,5,0,0,0,0,TRUE,TRUE,FALSE,FALSE,FALSE,FALSE,TRUE,SUM,1,1,1,=,0,,FALSE,FALSE,FALSE,FALSE,FALSE,FALSE,FALSE
Q005,4,3,0,0,2,1,0,0,0,TRUE,TRUE,FALSE,FALSE,FALSE,FALSE,TRUE,SUM,1,2,1,=,0,,FALSE,FALSE,FALSE,FALSE,FALSE,FALSE,FALSE
Q006,4,3,0,0,3,0,0,0,0,TRUE,TRUE,FALSE,FALSE,FALSE,FALSE,TRUE,AVG,1,1,1,BETWEEN,0,,FALSE,FALSE,FALSE,FALSE,FALSE,FALSE,FALSE
Q007,2,1,0,0,1,0,0,0,0,TRUE,TRUE,TRUE,FALSE,FALSE,FALSE,TRUE,"COUNT, SUM",2,2,0,,0,,FALSE,FALSE,FALSE,FALSE,FALSE,FALSE,FALSE
Q008,3,2,0,0,2,0,0,0,0,TRUE,TRUE,FALSE,FALSE,FALSE,FALSE,TRUE,COUNT,1,1,2,"IN, =",0,,FALSE,FALSE,FALSE,FALSE,FALSE,FALSE,FALSE
Q009,3,3,0,0,3,0,0,0,0,TRUE,TRUE,FALSE,FALSE,FALSE,FALSE,TRUE,COUNT,1,1,2,"=, >",0,,FALSE,FALSE,FALSE,FALSE,FALSE,FALSE,FALSE
Q010,3,3,3,0,3,0,0,0,0,TRUE,TRUE,TRUE,FALSE,FALSE,FALSE,TRUE,"AVG, SUM",2,3,4,"=, >",0,,FALSE,FALSE,FALSE,FALSE,FALSE,FALSE,FALSE
Q011,3,2,0,0,2,0,0,0,0,FALSE,FALSE,FALSE,TRUE,FALSE,FALSE,FALSE,,0,0,2,=,0,,FALSE,FALSE,TRUE,FALSE,FALSE,FALSE,FALSE
Q012,4,3,1,0,3,0,0,0,0,FALSE,FALSE,FALSE,TRUE,FALSE,FALSE,FALSE,,0,0,5,"IS NOT NULL, =",0,,FALSE,FALSE,TRUE,FALSE,FALSE,FALSE,FALSE
Q013,4,2,2,0,2,0,0,0,0,FALSE,FALSE,FALSE,FALSE,FALSE,FALSE,FALSE,,0,0,6,=,0,,FALSE,FALSE,FALSE,FALSE,FALSE,FALSE,FALSE
Q014,4,3,0,0,3,0,0,0,0,TRUE,TRUE,FALSE,FALSE,FALSE,FALSE,TRUE,"COUNT, SUM",2,2,1,BETWEEN,0,,FALSE,FALSE,FALSE,FALSE,FALSE,FALSE,FALSE
Q015,3,2,0,0,2,0,0,0,0,TRUE,TRUE,TRUE,FALSE,FALSE,FALSE,TRUE,"COUNT, SUM",2,2,1,BETWEEN,0,,FALSE,FALSE,FALSE,FALSE,FALSE,FALSE,FALSE
Q016,4,3,0,0,3,0,0,0,0,TRUE,TRUE,FALSE,TRUE,FALSE,FALSE,TRUE,"AVG, COUNT",2,2,1,BETWEEN,0,,FALSE,FALSE,FALSE,FALSE,FALSE,FALSE,FALSE
Q017,3,4,1,0,4,0,0,0,0,TRUE,TRUE,TRUE,FALSE,TRUE,FALSE,TRUE,"COUNT, SUM",2,9,2,BETWEEN,4,"BETWEEN, =, >",FALSE,FALSE,FALSE,FALSE,FALSE,FALSE,FALSE
Q018,3,4,0,1,3,0,0,0,1,TRUE,TRUE,TRUE,FALSE,TRUE,FALSE,TRUE,"COUNT, SUM",2,11,4,"BETWEEN, =",1,>,FALSE,FALSE,FALSE,FALSE,FALSE,FALSE,FALSE
Q019,3,2,0,0,2,0,0,0,0,TRUE,TRUE,FALSE,FALSE,FALSE,FALSE,TRUE,COUNT,1,1,2,"IN, LIKE",0,,FALSE,FALSE,FALSE,FALSE,FALSE,FALSE,FALSE
Q020,2,1,3,0,1,0,0,0,0,TRUE,TRUE,TRUE,FALSE,FALSE,FALSE,TRUE,"AVG, SUM",2,3,1,>,0,,FALSE,FALSE,FALSE,FALSE,FALSE,FALSE,FALSE
Q021,3,2,0,0,2,0,0,0,0,TRUE,TRUE,FALSE,FALSE,FALSE,FALSE,TRUE,SUM,1,3,0,,0,,TRUE,FALSE,FALSE,FALSE,FALSE,FALSE,FALSE
Q022,3,2,0,1,2,0,0,0,0,TRUE,TRUE,FALSE,FALSE,FALSE,FALSE,TRUE,SUM,1,1,0,,0,,TRUE,FALSE,FALSE,FALSE,FALSE,FALSE,FALSE
Q023,2,1,1,0,1,0,0,0,0,TRUE,TRUE,FALSE,FALSE,FALSE,FALSE,TRUE,SUM,1,2,1,<=,0,,TRUE,FALSE,FALSE,FALSE,FALSE,FALSE,FALSE
Q024,4,3,0,0,3,0,0,0,0,TRUE,FALSE,FALSE,FALSE,FALSE,FALSE,TRUE,SUM,1,1,1,=,0,,FALSE,FALSE,FALSE,FALSE,FALSE,FALSE,FALSE
Q025,2,1,1,0,1,0,0,0,0,TRUE,FALSE,FALSE,FALSE,FALSE,FALSE,TRUE,"AVG, SUM",2,2,0,,0,,FALSE,FALSE,FALSE,FALSE,FALSE,FALSE,FALSE
Q026,3,2,0,1,2,0,0,0,0,TRUE,TRUE,FALSE,FALSE,FALSE,FALSE,TRUE,SUM,1,1,2,"=, >",0,,FALSE,FALSE,FALSE,FALSE,FALSE,FALSE,FALSE
Q027,2,1,0,0,1,0,0,0,0,TRUE,TRUE,FALSE,FALSE,FALSE,FALSE,TRUE,"AVG, SUM",2,3,1,BETWEEN,0,,TRUE,FALSE,FALSE,FALSE,FALSE,FALSE,FALSE
Q028,3,1,1,0,1,0,0,0,0,FALSE,FALSE,FALSE,FALSE,FALSE,FALSE,FALSE,,0,0,3,"IN, =",0,,FALSE,FALSE,FALSE,FALSE,FALSE,FALSE,FALSE
Q029,3,2,0,0,2,0,0,0,0,TRUE,TRUE,FALSE,FALSE,FALSE,FALSE,TRUE,SUM,1,1,2,"IN, =",0,,FALSE,FALSE,FALSE,FALSE,FALSE,FALSE,FALSE
Q030,1,0,1,0,0,0,0,0,0,TRUE,FALSE,FALSE,FALSE,FALSE,TRUE,TRUE,"COUNT, SUM",2,3,0,,0,,FALSE,FALSE,FALSE,FALSE,FALSE,FALSE,FALSE
Q031,4,0,1,0,0,0,0,0,0,FALSE,FALSE,FALSE,FALSE,FALSE,FALSE,FALSE,,0,0,1,IN,0,,FALSE,FALSE,FALSE,TRUE,FALSE,FALSE,FALSE
Q032,3,2,0,0,2,0,0,0,0,TRUE,TRUE,TRUE,FALSE,FALSE,FALSE,TRUE,SUM,1,1,1,=,0,,FALSE,FALSE,FALSE,FALSE,FALSE,FALSE,FALSE
Q033,3,2,0,0,2,0,0,0,0,TRUE,TRUE,FALSE,FALSE,FALSE,FALSE,TRUE,SUM,1,1,0,,0,,FALSE,FALSE,FALSE,FALSE,FALSE,FALSE,FALSE
Q034,3,3,0,1,3,0,0,0,0,TRUE,FALSE,FALSE,FALSE,TRUE,FALSE,TRUE,SUM,1,3,4,=,1,>,FALSE,FALSE,FALSE,FALSE,FALSE,FALSE,FALSE
Q035,3,2,0,0,2,0,0,0,0,TRUE,TRUE,FALSE,FALSE,FALSE,FALSE,TRUE,SUM,1,1,2,"=, >",0,,FALSE,FALSE,FALSE,FALSE,FALSE,FALSE,FALSE
Q036,3,0,1,0,0,0,0,0,0,TRUE,TRUE,FALSE,FALSE,FALSE,TRUE,TRUE,COUNT,1,7,0,,0,,FALSE,TRUE,FALSE,FALSE,FALSE,FALSE,FALSE
Q037,6,6,1,0,6,0,0,0,0,TRUE,TRUE,FALSE,FALSE,FALSE,TRUE,TRUE,"AVG, COUNT, SUM",3,11,9,=,0,,FALSE,TRUE,FALSE,FALSE,FALSE,FALSE,FALSE
Q038,8,12,1,0,9,3,0,0,0,TRUE,TRUE,FALSE,FALSE,FALSE,TRUE,TRUE,"AVG, COUNT, SUM",3,15,12,=,0,,FALSE,TRUE,FALSE,FALSE,FALSE,FALSE,FALSE
Q039,6,6,1,0,6,0,0,0,0,TRUE,TRUE,FALSE,FALSE,FALSE,TRUE,TRUE,"AVG, COUNT, SUM",3,11,9,=,0,,FALSE,TRUE,FALSE,FALSE,FALSE,FALSE,FALSE
Q040,3,4,0,0,4,0,0,0,0,TRUE,TRUE,FALSE,FALSE,FALSE,FALSE,TRUE,SUM,1,4,3,=,0,,FALSE,FALSE,FALSE,FALSE,FALSE,FALSE,FALSE
Q041,5,4,1,0,4,0,0,0,0,TRUE,TRUE,FALSE,FALSE,TRUE,FALSE,TRUE,"AVG, SUM",2,3,3,=,3,"=, >",FALSE,FALSE,FALSE,FALSE,FALSE,FALSE,FALSE
Q042,8,8,0,1,7,0,0,0,1,TRUE,TRUE,TRUE,FALSE,TRUE,FALSE,TRUE,"AVG, SUM",2,3,11,"=, >",1,>,FALSE,FALSE,FALSE,FALSE,FALSE,FALSE,FALSE
Q043,4,3,0,0,3,0,0,0,0,TRUE,TRUE,FALSE,FALSE,FALSE,FALSE,TRUE,SUM,1,1,1,>=,0,,FALSE,FALSE,FALSE,FALSE,FALSE,FALSE,FALSE
Q044,4,5,0,1,5,0,0,0,0,TRUE,TRUE,FALSE,FALSE,FALSE,FALSE,TRUE,SUM,1,3,3,"BETWEEN, >=",0,,FALSE,FALSE,FALSE,FALSE,FALSE,FALSE,FALSE
Q045,3,2,0,0,2,0,0,0,0,TRUE,TRUE,FALSE,TRUE,TRUE,FALSE,TRUE,COUNT,1,2,0,,1,>,FALSE,FALSE,FALSE,FALSE,FALSE,FALSE,FALSE
Q046,5,4,0,0,4,0,0,0,0,TRUE,TRUE,FALSE,TRUE,TRUE,FALSE,TRUE,"AVG, COUNT, SUM",3,7,2,"IN, =",3,>,FALSE,FALSE,FALSE,FALSE,FALSE,FALSE,FALSE
Q047,5,7,1,0,7,0,0,0,0,TRUE,TRUE,TRUE,TRUE,TRUE,FALSE,TRUE,"COUNT, SUM",2,7,6,"IN, =",3,>,FALSE,FALSE,FALSE,FALSE,FALSE,FALSE,FALSE
Q048,4,3,0,0,3,0,0,0,0,TRUE,TRUE,TRUE,FALSE,FALSE,FALSE,TRUE,SUM,1,4,1,=,0,,FALSE,FALSE,FALSE,FALSE,FALSE,FALSE,FALSE
Q049,4,3,0,0,3,0,0,0,0,TRUE,TRUE,TRUE,TRUE,TRUE,FALSE,TRUE,"COUNT, SUM",2,5,1,=,1,>,FALSE,FALSE,FALSE,FALSE,FALSE,FALSE,FALSE
Q050,4,3,0,0,3,0,0,0,0,FALSE,TRUE,TRUE,FALSE,FALSE,FALSE,FALSE,,0,0,1,>,0,,FALSE,FALSE,FALSE,FALSE,FALSE,FALSE,FALSE
Q051,2,3,0,0,3,0,0,0,0,TRUE,TRUE,TRUE,TRUE,TRUE,FALSE,TRUE,COUNT,1,3,4,"!=, =",1,>,FALSE,FALSE,FALSE,FALSE,FALSE,FALSE,FALSE
Q052,4,3,0,0,2,0,1,0,0,TRUE,TRUE,FALSE,FALSE,FALSE,FALSE,TRUE,SUM,1,1,1,BETWEEN,0,,FALSE,FALSE,FALSE,FALSE,FALSE,FALSE,FALSE
Q053,4,3,0,0,2,0,1,0,0,TRUE,TRUE,FALSE,FALSE,TRUE,FALSE,TRUE,SUM,1,2,1,BETWEEN,1,=,FALSE,FALSE,FALSE,FALSE,FALSE,FALSE,FALSE
Q054,3,2,0,2,2,0,0,0,0,TRUE,TRUE,FALSE,TRUE,TRUE,FALSE,TRUE,"AVG, COUNT",2,4,1,BETWEEN,2,"IS NOT NULL, >",TRUE,FALSE,FALSE,FALSE,FALSE,FALSE,FALSE
Q055,3,4,0,0,4,0,0,0,0,TRUE,TRUE,FALSE,FALSE,FALSE,FALSE,TRUE,COUNT,1,1,2,=,0,,FALSE,FALSE,FALSE,FALSE,FALSE,FALSE,FALSE
Q056,4,3,1,0,3,0,0,0,0,TRUE,TRUE,FALSE,FALSE,FALSE,FALSE,TRUE,SUM,1,2,2,"<=, =",0,,TRUE,FALSE,FALSE,FALSE,FALSE,FALSE,FALSE
Q057,3,3,0,1,3,0,0,0,0,FALSE,TRUE,FALSE,FALSE,FALSE,FALSE,FALSE,,0,0,5,"!=, =",0,,TRUE,FALSE,FALSE,FALSE,FALSE,FALSE,FALSE
Q058,3,2,0,0,0,2,0,0,0,TRUE,TRUE,FALSE,FALSE,FALSE,FALSE,TRUE,"COUNT, SUM",2,3,0,,0,,FALSE,FALSE,FALSE,FALSE,FALSE,FALSE,FALSE
Q059,3,2,0,0,0,2,0,0,0,TRUE,TRUE,FALSE,FALSE,TRUE,FALSE,TRUE,"COUNT, SUM",2,4,0,,1,=,FALSE,FALSE,FALSE,FALSE,FALSE,FALSE,FALSE
Q060,2,1,0,0,0,1,0,0,0,FALSE,TRUE,FALSE,FALSE,FALSE,FALSE,FALSE,,0,0,1,IS NULL,0,,FALSE,FALSE,FALSE,FALSE,FALSE,FALSE,FALSE
Q061,4,3,0,0,3,0,0,0,0,TRUE,TRUE,FALSE,FALSE,FALSE,FALSE,TRUE,SUM,1,2,2,=,0,,FALSE,FALSE,FALSE,FALSE,FALSE,FALSE,FALSE
Q062,3,2,0,0,2,0,0,0,0,TRUE,TRUE,FALSE,FALSE,TRUE,FALSE,TRUE,SUM,1,4,1,=,1,>,FALSE,FALSE,FALSE,FALSE,FALSE,FALSE,FALSE
Q063,3,2,0,0,1,1,0,0,0,TRUE,TRUE,FALSE,FALSE,TRUE,FALSE,TRUE,SUM,1,6,1,=,1,<,FALSE,FALSE,FALSE,FALSE,FALSE,FALSE,FALSE
Q064,4,4,0,0,4,0,0,0,0,TRUE,TRUE,FALSE,FALSE,FALSE,FALSE,TRUE,SUM,1,2,3,=,0,,FALSE,FALSE,FALSE,FALSE,FALSE,FALSE,FALSE
Q065,5,3,1,0,3,0,0,0,0,TRUE,TRUE,FALSE,FALSE,TRUE,FALSE,TRUE,SUM,1,2,4,"BETWEEN, IN, =",1,>,FALSE,FALSE,FALSE,FALSE,FALSE,FALSE,FALSE
Q066,3,3,1,0,3,0,0,0,0,TRUE,TRUE,FALSE,TRUE,TRUE,FALSE,TRUE,"AVG, COUNT",2,4,2,=,3,"=, >",FALSE,FALSE,FALSE,FALSE,FALSE,FALSE,FALSE
Q067,5,4,1,0,4,0,0,0,0,TRUE,TRUE,FALSE,TRUE,TRUE,FALSE,TRUE,SUM,1,4,5,"IN, =",2,>,FALSE,FALSE,FALSE,FALSE,FALSE,FALSE,FALSE
Q068,3,1,3,0,1,0,0,0,0,TRUE,TRUE,FALSE,FALSE,TRUE,FALSE,TRUE,SUM,1,2,3,"IN, =",5,"IN, =, >",FALSE,FALSE,FALSE,FALSE,FALSE,FALSE,FALSE
Q069,3,1,1,0,1,0,0,0,0,TRUE,TRUE,FALSE,FALSE,TRUE,FALSE,TRUE,SUM,1,2,2,"IN, =",1,>,FALSE,FALSE,FALSE,FALSE,FALSE,FALSE,FALSE
Q070,5,4,0,2,4,0,0,0,0,TRUE,TRUE,FALSE,FALSE,TRUE,FALSE,TRUE,SUM,1,4,5,"IS NOT NULL, BETWEEN, =",7,"IS NOT NULL, =, >",FALSE,FALSE,FALSE,FALSE,FALSE,FALSE,FALSE
Q071,4,3,0,2,3,0,0,0,0,TRUE,TRUE,FALSE,FALSE,FALSE,FALSE,TRUE,SUM,1,1,5,"IS NOT NULL, =",0,,TRUE,FALSE,FALSE,FALSE,FALSE,FALSE,FALSE
Q072,4,3,0,2,3,0,0,0,0,TRUE,TRUE,FALSE,FALSE,FALSE,FALSE,TRUE,SUM,1,1,5,"IS NOT NULL, =",0,,TRUE,FALSE,FALSE,FALSE,FALSE,FALSE,FALSE
Q073,4,4,0,0,4,0,0,0,0,FALSE,TRUE,FALSE,FALSE,FALSE,FALSE,FALSE,,0,0,4,=,0,,FALSE,FALSE,FALSE,TRUE,FALSE,FALSE,FALSE
Q074,4,4,0,0,4,0,0,0,0,FALSE,TRUE,FALSE,TRUE,FALSE,FALSE,FALSE,,0,0,4,=,0,,FALSE,FALSE,FALSE,TRUE,FALSE,FALSE,FALSE
Q075,5,6,0,0,6,0,0,0,0,FALSE,TRUE,FALSE,FALSE,FALSE,FALSE,FALSE,,0,0,3,=,0,,FALSE,FALSE,FALSE,TRUE,FALSE,FALSE,FALSE
Q076,5,6,0,0,6,0,0,0,0,FALSE,TRUE,FALSE,TRUE,FALSE,FALSE,FALSE,,0,0,3,=,0,,FALSE,FALSE,FALSE,TRUE,FALSE,FALSE,FALSE
Q077,4,4,0,0,4,0,0,0,0,TRUE,TRUE,FALSE,FALSE,TRUE,FALSE,TRUE,SUM,1,2,4,"IS NOT NULL, =",2,>,FALSE,FALSE,FALSE,TRUE,FALSE,FALSE,FALSE
Q078,4,4,0,0,4,0,0,0,0,FALSE,TRUE,FALSE,TRUE,FALSE,FALSE,FALSE,,0,0,2,=,0,,FALSE,FALSE,TRUE,FALSE,FALSE,FALSE,FALSE
Q079,3,4,0,0,4,0,0,0,0,FALSE,TRUE,FALSE,TRUE,FALSE,FALSE,FALSE,,0,0,2,=,0,,FALSE,FALSE,TRUE,FALSE,FALSE,FALSE,FALSE
Q080,1,0,0,0,0,0,0,0,0,TRUE,TRUE,FALSE,FALSE,FALSE,FALSE,TRUE,COUNT,1,1,2,"IS NOT NULL, =",0,,FALSE,FALSE,FALSE,FALSE,FALSE,FALSE,FALSE
Q081,2,1,0,0,1,0,0,0,0,FALSE,TRUE,FALSE,FALSE,FALSE,FALSE,FALSE,,0,0,3,">=, =",0,,FALSE,FALSE,FALSE,FALSE,FALSE,FALSE,FALSE
Q082,3,2,0,1,2,0,0,0,0,TRUE,TRUE,FALSE,TRUE,TRUE,FALSE,TRUE,"COUNT, SUM",2,3,2,"IS NOT NULL, =",1,>,FALSE,FALSE,FALSE,FALSE,FALSE,FALSE,FALSE
Q083,3,2,0,0,2,0,0,0,0,TRUE,TRUE,FALSE,TRUE,TRUE,FALSE,TRUE,"COUNT, SUM",2,2,2,=,1,>,FALSE,FALSE,FALSE,FALSE,FALSE,FALSE,FALSE
Q084,3,2,0,0,2,0,0,0,0,TRUE,TRUE,FALSE,FALSE,FALSE,FALSE,TRUE,SUM,1,1,3,"LIKE, =",0,,FALSE,FALSE,FALSE,FALSE,FALSE,FALSE,FALSE
Q085,3,2,1,0,2,0,0,0,0,TRUE,TRUE,FALSE,FALSE,FALSE,FALSE,TRUE,SUM,1,1,4,"IS NOT NULL, =, <",0,,FALSE,FALSE,FALSE,FALSE,FALSE,FALSE,FALSE
Q086,2,1,0,2,1,0,0,0,0,TRUE,TRUE,FALSE,FALSE,FALSE,FALSE,TRUE,SUM,1,2,2,"IS NOT NULL, <=",0,,TRUE,FALSE,FALSE,FALSE,FALSE,FALSE,FALSE
Q087,3,2,0,0,2,0,0,0,0,TRUE,TRUE,FALSE,TRUE,TRUE,FALSE,TRUE,"COUNT, SUM",2,3,2,=,1,>=,FALSE,FALSE,FALSE,FALSE,FALSE,FALSE,FALSE
Q088,5,4,0,1,4,0,0,0,0,TRUE,TRUE,FALSE,TRUE,TRUE,FALSE,TRUE,"AVG, COUNT, SUM",3,5,3,"LIKE, =",1,>=,TRUE,FALSE,FALSE,FALSE,FALSE,FALSE,FALSE
Q089,5,4,1,0,4,0,0,0,0,TRUE,TRUE,FALSE,TRUE,FALSE,FALSE,TRUE,"COUNT, SUM",2,2,4,">=, =",0,,FALSE,FALSE,FALSE,FALSE,FALSE,FALSE,FALSE
Q090,4,3,1,0,3,0,0,0,0,TRUE,TRUE,FALSE,TRUE,FALSE,FALSE,TRUE,"COUNT, SUM",2,2,2,">=, =",0,,FALSE,FALSE,FALSE,FALSE,FALSE,FALSE,FALSE
Q091,3,2,0,0,1,1,0,0,0,TRUE,TRUE,FALSE,FALSE,TRUE,FALSE,TRUE,"MAX, MIN",2,3,2,"IS NULL, =",1,>,FALSE,FALSE,FALSE,FALSE,FALSE,FALSE,FALSE
Q092,7,6,0,0,5,1,0,0,0,TRUE,FALSE,FALSE,FALSE,TRUE,FALSE,TRUE,"COUNT, MAX, MIN, SUM",4,5,3,"IS NOT NULL, IN, =",1,>,FALSE,FALSE,FALSE,FALSE,FALSE,FALSE,FALSE
Q093,7,6,0,0,5,1,0,0,0,TRUE,TRUE,TRUE,FALSE,TRUE,FALSE,TRUE,"COUNT, MAX, MIN, SUM",4,5,3,"IS NOT NULL, IN, =",1,>,FALSE,FALSE,FALSE,FALSE,FALSE,FALSE,FALSE
Q094,5,4,0,0,3,1,0,0,0,TRUE,TRUE,FALSE,TRUE,TRUE,FALSE,TRUE,"AVG, COUNT, MAX, MIN, SUM",5,7,4,"LIKE, =",2,>,FALSE,FALSE,FALSE,FALSE,FALSE,FALSE,FALSE
Q095,5,4,1,0,3,1,0,0,0,TRUE,TRUE,FALSE,TRUE,FALSE,FALSE,TRUE,"COUNT, MAX, MIN, SUM",4,4,6,"LIKE, =, >",0,,FALSE,FALSE,FALSE,FALSE,FALSE,FALSE,FALSE
Q096,5,4,0,1,3,1,0,0,0,TRUE,TRUE,FALSE,TRUE,FALSE,FALSE,TRUE,"COUNT, MAX, MIN, SUM",4,4,6,"LIKE, =, >",0,,FALSE,FALSE,FALSE,FALSE,FALSE,FALSE,FALSE
Q097,3,2,0,0,2,0,0,0,0,TRUE,TRUE,FALSE,FALSE,FALSE,TRUE,TRUE,SUM,1,5,1,=,0,,FALSE,FALSE,FALSE,FALSE,FALSE,FALSE,FALSE
Q098,3,2,0,1,2,0,0,0,0,TRUE,TRUE,FALSE,FALSE,FALSE,TRUE,TRUE,SUM,1,6,1,=,0,,TRUE,FALSE,FALSE,FALSE,FALSE,FALSE,FALSE
Q099,3,2,0,1,0,2,0,0,0,TRUE,TRUE,FALSE,FALSE,FALSE,TRUE,TRUE,"AVG, SUM",2,3,4,"IS NOT NULL, =",0,,FALSE,FALSE,FALSE,FALSE,FALSE,FALSE,FALSE
Q100,4,3,0,0,3,0,0,0,0,TRUE,TRUE,FALSE,TRUE,TRUE,TRUE,TRUE,"COUNT, SUM",2,4,1,=,1,>,FALSE,FALSE,FALSE,FALSE,FALSE,FALSE,FALSE
Q101,5,4,0,0,1,3,0,0,0,TRUE,TRUE,FALSE,FALSE,FALSE,TRUE,TRUE,SUM,1,3,0,,0,,FALSE,FALSE,FALSE,FALSE,FALSE,FALSE,FALSE
Q102,2,1,0,0,1,0,0,0,0,TRUE,TRUE,FALSE,FALSE,FALSE,TRUE,TRUE,COUNT,1,3,1,IS NOT NULL,0,,FALSE,FALSE,FALSE,FALSE,FALSE,FALSE,FALSE
Q103,4,3,0,0,3,0,0,0,0,TRUE,TRUE,FALSE,FALSE,FALSE,FALSE,TRUE,SUM,1,1,2,=,0,,FALSE,FALSE,FALSE,FALSE,FALSE,TRUE,FALSE
Q104,4,3,0,0,3,0,0,0,0,TRUE,TRUE,FALSE,FALSE,FALSE,TRUE,TRUE,SUM,1,5,2,=,0,,FALSE,FALSE,FALSE,FALSE,FALSE,FALSE,FALSE
Q105,3,2,0,2,2,0,0,0,0,TRUE,TRUE,FALSE,TRUE,TRUE,FALSE,TRUE,"COUNT, MAX, MIN",3,4,2,"IS NOT NULL, =",1,>=,TRUE,FALSE,FALSE,FALSE,FALSE,FALSE,FALSE
Q106,3,2,0,0,2,0,0,0,0,TRUE,TRUE,TRUE,TRUE,TRUE,FALSE,TRUE,SUM,1,2,3,"IS NOT NULL, =",1,>,FALSE,FALSE,FALSE,FALSE,FALSE,FALSE,FALSE
Q107,4,3,0,0,2,1,0,0,0,TRUE,TRUE,TRUE,TRUE,FALSE,FALSE,TRUE,"COUNT, SUM",2,5,1,=,0,,FALSE,FALSE,FALSE,FALSE,FALSE,FALSE,FALSE
Q108,4,3,0,0,2,1,0,0,0,TRUE,TRUE,TRUE,TRUE,TRUE,FALSE,TRUE,"COUNT, SUM",2,9,1,=,3,">, <",FALSE,FALSE,FALSE,FALSE,FALSE,FALSE,FALSE
Q109,4,3,0,0,2,1,0,0,0,TRUE,TRUE,FALSE,FALSE,FALSE,TRUE,TRUE,"COUNT, SUM",2,4,2,"IS NOT NULL, =",0,,FALSE,FALSE,FALSE,FALSE,FALSE,FALSE,FALSE
Q110,3,4,2,0,4,0,0,0,0,TRUE,TRUE,FALSE,FALSE,FALSE,FALSE,TRUE,AVG,1,4,6,=,0,,FALSE,FALSE,FALSE,FALSE,FALSE,FALSE,FALSE
Q111,3,2,0,1,2,0,0,0,0,TRUE,TRUE,FALSE,FALSE,FALSE,FALSE,TRUE,SUM,1,1,2,"IS NOT NULL, IN",0,,TRUE,FALSE,FALSE,FALSE,FALSE,FALSE,FALSE
Q112,3,4,0,1,3,0,0,0,1,TRUE,TRUE,FALSE,FALSE,FALSE,FALSE,TRUE,AVG,1,3,4,=,0,,FALSE,FALSE,FALSE,FALSE,FALSE,FALSE,FALSE
Q113,4,3,0,2,2,0,0,1,0,TRUE,TRUE,TRUE,FALSE,FALSE,TRUE,TRUE,SUM,1,2,4,"IS NOT NULL, =",0,,FALSE,FALSE,FALSE,FALSE,FALSE,FALSE,FALSE
Q114,4,5,0,2,4,0,0,1,0,TRUE,TRUE,FALSE,FALSE,FALSE,FALSE,TRUE,SUM,1,2,4,"IS NOT NULL, =",0,,FALSE,FALSE,FALSE,FALSE,FALSE,FALSE,FALSE
Q115,4,4,0,2,4,0,0,0,0,TRUE,TRUE,TRUE,FALSE,FALSE,FALSE,TRUE,"AVG, SUM",2,2,5,"=, >",0,,FALSE,FALSE,FALSE,FALSE,FALSE,FALSE,FALSE
Q116,3,2,0,0,1,1,0,0,0,TRUE,TRUE,FALSE,FALSE,TRUE,FALSE,TRUE,"COUNT, SUM",2,6,1,=,1,>,FALSE,FALSE,FALSE,FALSE,FALSE,FALSE,FALSE
Q117,4,4,0,2,4,0,0,0,0,TRUE,TRUE,TRUE,FALSE,TRUE,FALSE,TRUE,"AVG, SUM",2,6,4,=,1,>,FALSE,FALSE,FALSE,FALSE,FALSE,FALSE,FALSE
Q118,4,4,0,2,4,0,0,0,0,TRUE,TRUE,FALSE,FALSE,TRUE,FALSE,TRUE,"AVG, SUM",2,7,5,"IN, =",2,>,FALSE,FALSE,FALSE,FALSE,FALSE,FALSE,FALSE
Q119,4,3,0,0,3,0,0,0,0,TRUE,TRUE,FALSE,FALSE,TRUE,FALSE,TRUE,SUM,1,6,3,"IS NOT NULL, =",2,>,FALSE,FALSE,FALSE,FALSE,FALSE,FALSE,FALSE
Q120,4,4,0,2,3,0,0,1,0,TRUE,TRUE,FALSE,FALSE,FALSE,FALSE,TRUE,SUM,1,2,3,"=, >",0,,FALSE,FALSE,FALSE,FALSE,FALSE,FALSE,FALSE
Q121,3,3,1,0,3,0,0,0,0,TRUE,FALSE,FALSE,FALSE,FALSE,FALSE,TRUE,SUM,1,3,5,"IS NOT NULL, =",0,,FALSE,FALSE,FALSE,FALSE,FALSE,FALSE,FALSE
Q122,5,6,1,1,6,0,0,0,0,TRUE,FALSE,FALSE,FALSE,FALSE,FALSE,TRUE,SUM,1,3,6,"IS NOT NULL, =",0,,FALSE,TRUE,FALSE,FALSE,FALSE,FALSE,FALSE
Q123,5,9,6,0,6,3,0,0,0,TRUE,FALSE,FALSE,FALSE,FALSE,FALSE,TRUE,SUM,1,8,10,"IS NOT NULL, =",0,,FALSE,FALSE,FALSE,FALSE,FALSE,FALSE,FALSE
Q124,3,2,2,0,2,0,0,0,0,FALSE,FALSE,FALSE,FALSE,FALSE,FALSE,FALSE,,0,0,6,=,0,,FALSE,FALSE,FALSE,FALSE,FALSE,FALSE,FALSE
Q125,4,2,2,0,2,0,0,0,0,FALSE,FALSE,FALSE,FALSE,FALSE,FALSE,TRUE,SUM,1,2,6,"IS NOT NULL, =",0,,FALSE,FALSE,FALSE,FALSE,FALSE,FALSE,FALSE
Q126,7,6,2,0,6,0,0,0,0,FALSE,FALSE,FALSE,FALSE,FALSE,FALSE,FALSE,,0,0,6,=,0,,FALSE,TRUE,TRUE,TRUE,FALSE,FALSE,FALSE
Q127,4,3,0,0,3,0,0,0,0,FALSE,FALSE,FALSE,FALSE,FALSE,FALSE,FALSE,,0,0,6,"IS NOT NULL, =",0,,FALSE,FALSE,TRUE,FALSE,FALSE,FALSE,FALSE
Q128,3,2,0,0,2,0,0,0,0,TRUE,TRUE,FALSE,FALSE,FALSE,FALSE,TRUE,SUM,1,2,5,"LIKE, =",0,,FALSE,FALSE,FALSE,FALSE,FALSE,FALSE,FALSE
Q129,4,3,0,0,3,0,0,0,0,TRUE,FALSE,FALSE,FALSE,TRUE,FALSE,TRUE,SUM,1,2,5,"LIKE, =",1,>,FALSE,FALSE,FALSE,FALSE,FALSE,FALSE,FALSE
Q130,4,3,0,0,3,0,0,0,0,TRUE,TRUE,TRUE,FALSE,TRUE,FALSE,TRUE,SUM,1,2,5,"LIKE, =",1,>,FALSE,FALSE,FALSE,FALSE,FALSE,FALSE,FALSE
Q131,4,3,0,2,3,0,0,0,0,FALSE,TRUE,TRUE,TRUE,FALSE,FALSE,FALSE,,0,0,2,"IS NOT NULL, =",0,,TRUE,FALSE,FALSE,FALSE,FALSE,FALSE,FALSE
Q132,2,2,1,0,0,2,0,0,0,TRUE,TRUE,FALSE,FALSE,FALSE,FALSE,TRUE,COUNT,1,1,3,"=, <",0,,FALSE,TRUE,FALSE,FALSE,FALSE,FALSE,FALSE
Q133,3,2,0,2,2,0,0,0,0,TRUE,TRUE,FALSE,FALSE,FALSE,FALSE,TRUE,SUM,1,2,4,"IS NOT NULL, >",0,,FALSE,FALSE,FALSE,FALSE,FALSE,FALSE,FALSE
Q134,7,2,0,4,2,0,0,0,0,TRUE,TRUE,TRUE,FALSE,FALSE,FALSE,TRUE,SUM,1,8,4,"IS NOT NULL, >",0,,FALSE,TRUE,FALSE,FALSE,FALSE,FALSE,FALSE
Q135,3,2,0,1,2,0,0,0,0,TRUE,TRUE,FALSE,FALSE,FALSE,FALSE,TRUE,"COUNT, SUM",2,3,1,=,0,,TRUE,FALSE,FALSE,FALSE,FALSE,FALSE,FALSE
Q136,3,2,0,1,2,0,0,0,0,TRUE,TRUE,FALSE,FALSE,TRUE,TRUE,TRUE,SUM,1,4,3,"IS NOT NULL, =, >",1,>,TRUE,FALSE,FALSE,FALSE,FALSE,FALSE,FALSE
Q137,3,2,0,1,2,0,0,0,0,TRUE,TRUE,TRUE,FALSE,TRUE,TRUE,TRUE,SUM,1,4,3,"IS NOT NULL, =, >",1,>,TRUE,FALSE,FALSE,FALSE,FALSE,FALSE,FALSE
Q138,3,2,0,1,2,0,0,0,0,TRUE,TRUE,FALSE,FALSE,FALSE,FALSE,TRUE,"COUNT, SUM",2,3,2,"IS NOT NULL, =",0,,TRUE,FALSE,FALSE,FALSE,FALSE,FALSE,FALSE
Q139,3,2,0,0,2,0,0,0,0,TRUE,TRUE,FALSE,FALSE,FALSE,FALSE,TRUE,SUM,1,2,2,"IS NOT NULL, =",0,,FALSE,FALSE,FALSE,FALSE,FALSE,FALSE,FALSE
Q140,3,2,0,1,2,0,0,0,0,TRUE,TRUE,FALSE,TRUE,FALSE,TRUE,TRUE,"AVG, COUNT, SUM",3,3,1,=,0,,FALSE,FALSE,FALSE,FALSE,FALSE,FALSE,FALSE
Q141,3,2,0,0,2,0,0,0,0,TRUE,TRUE,FALSE,FALSE,FALSE,FALSE,TRUE,"COUNT, SUM",2,3,2,"IS NOT NULL, =",0,,FALSE,FALSE,FALSE,FALSE,FALSE,FALSE,FALSE
Q142,3,2,0,0,2,0,0,0,0,TRUE,TRUE,FALSE,FALSE,TRUE,FALSE,TRUE,"COUNT, SUM",2,3,1,=,1,>,FALSE,FALSE,FALSE,FALSE,FALSE,FALSE,FALSE
Q143,3,2,0,1,2,0,0,0,0,TRUE,TRUE,FALSE,FALSE,FALSE,FALSE,TRUE,"COUNT, SUM",2,3,3,"IS NOT NULL, =, >",0,,FALSE,FALSE,FALSE,FALSE,FALSE,FALSE,FALSE
Q144,4,4,0,0,4,0,0,0,0,TRUE,TRUE,FALSE,FALSE,FALSE,TRUE,TRUE,"AVG, COUNT, SUM",3,3,3,"IS NOT NULL, =",0,,FALSE,FALSE,FALSE,FALSE,FALSE,FALSE,FALSE
Q145,4,4,0,0,4,0,0,0,0,TRUE,TRUE,FALSE,FALSE,TRUE,TRUE,TRUE,"AVG, COUNT, SUM",3,4,3,"IS NOT NULL, =",1,>,FALSE,FALSE,FALSE,FALSE,FALSE,FALSE,FALSE
Q146,4,3,0,0,3,0,0,0,0,TRUE,FALSE,FALSE,FALSE,FALSE,FALSE,TRUE,"COUNT, SUM",2,5,3,"IS NOT NULL, IN, =",0,,FALSE,FALSE,FALSE,FALSE,FALSE,FALSE,FALSE
Q147,4,3,0,0,3,0,0,0,0,TRUE,TRUE,TRUE,FALSE,FALSE,FALSE,TRUE,"COUNT, SUM",2,5,3,"IS NOT NULL, IN, =",0,,FALSE,FALSE,FALSE,FALSE,FALSE,FALSE,FALSE
Q148,5,4,0,0,4,0,0,0,0,TRUE,TRUE,TRUE,FALSE,FALSE,FALSE,TRUE,"COUNT, SUM",2,2,3,"IS NOT NULL, !=, =",0,,FALSE,FALSE,FALSE,FALSE,FALSE,FALSE,FALSE
Q149,5,4,0,0,4,0,0,0,0,TRUE,TRUE,TRUE,FALSE,TRUE,FALSE,TRUE,"COUNT, SUM",2,4,3,"IS NOT NULL, !=, =",2,>,FALSE,FALSE,FALSE,FALSE,FALSE,FALSE,FALSE
Q150,5,4,0,0,4,0,0,0,0,TRUE,TRUE,TRUE,FALSE,TRUE,FALSE,TRUE,"COUNT, SUM",2,4,4,"IS NOT NULL, IN, !=, =",2,>,FALSE,FALSE,FALSE,FALSE,FALSE,FALSE,FALSE
Q151,5,5,0,2,5,0,0,0,0,TRUE,FALSE,FALSE,FALSE,FALSE,TRUE,TRUE,"AVG, SUM",2,2,6,"=, >, <",0,,FALSE,FALSE,FALSE,FALSE,FALSE,FALSE,FALSE
Q152,5,5,0,2,5,0,0,0,0,TRUE,TRUE,TRUE,FALSE,FALSE,TRUE,TRUE,"AVG, SUM",2,2,6,"=, >, <",0,,FALSE,FALSE,FALSE,FALSE,FALSE,FALSE,FALSE
Q153,4,3,0,0,0,3,0,0,0,TRUE,TRUE,FALSE,FALSE,FALSE,FALSE,TRUE,SUM,1,2,1,IN,0,,FALSE,FALSE,FALSE,FALSE,FALSE,FALSE,FALSE
Q154,4,3,0,0,0,3,0,0,0,TRUE,TRUE,FALSE,FALSE,TRUE,FALSE,TRUE,SUM,1,3,1,IN,1,>,FALSE,FALSE,FALSE,FALSE,FALSE,FALSE,FALSE
Q155,3,2,0,0,0,2,0,0,0,TRUE,TRUE,FALSE,FALSE,FALSE,FALSE,TRUE,AVG,1,2,2,"IN, >",0,,FALSE,FALSE,FALSE,FALSE,FALSE,FALSE,FALSE
Q156,4,3,0,1,3,0,0,0,0,FALSE,TRUE,FALSE,FALSE,FALSE,FALSE,FALSE,,0,0,5,"BETWEEN, =, >",0,,TRUE,FALSE,FALSE,FALSE,FALSE,FALSE,FALSE
Q157,4,3,0,1,3,0,0,0,0,FALSE,TRUE,TRUE,FALSE,FALSE,FALSE,FALSE,,0,0,5,"BETWEEN, =, >",0,,TRUE,FALSE,FALSE,FALSE,FALSE,FALSE,FALSE
Q158,4,3,0,1,3,0,0,0,0,FALSE,TRUE,TRUE,FALSE,FALSE,FALSE,FALSE,,0,0,4,"IS NOT NULL, =",0,,TRUE,FALSE,FALSE,FALSE,FALSE,FALSE,FALSE
Q159,4,3,0,1,3,0,0,0,0,FALSE,TRUE,TRUE,FALSE,FALSE,FALSE,FALSE,,0,0,4,"IS NOT NULL, <=, =",0,,TRUE,FALSE,FALSE,FALSE,FALSE,FALSE,FALSE
Q160,4,1,2,0,1,0,0,0,0,FALSE,TRUE,FALSE,FALSE,FALSE,FALSE,FALSE,,0,0,4,=,0,,FALSE,FALSE,FALSE,FALSE,FALSE,FALSE,FALSE
Q161,6,5,0,0,5,0,0,0,0,TRUE,TRUE,FALSE,TRUE,FALSE,FALSE,TRUE,"COUNT, SUM",2,4,3,"IN, =, >",0,,FALSE,FALSE,FALSE,FALSE,FALSE,FALSE,FALSE
Q162,5,4,0,1,3,1,0,0,0,TRUE,FALSE,FALSE,FALSE,FALSE,FALSE,TRUE,SUM,1,1,5,"IN, >=, =, >, <",0,,FALSE,FALSE,FALSE,FALSE,FALSE,FALSE,FALSE
Q163,5,4,0,1,3,1,0,0,0,TRUE,TRUE,TRUE,FALSE,FALSE,FALSE,TRUE,SUM,1,1,5,"IN, >=, =, >, <",0,,FALSE,FALSE,FALSE,FALSE,FALSE,FALSE,FALSE
Q164,6,8,0,2,7,1,0,0,0,TRUE,TRUE,FALSE,FALSE,FALSE,TRUE,TRUE,SUM,1,2,4,">=, =",0,,FALSE,FALSE,FALSE,FALSE,FALSE,FALSE,FALSE
Q165,6,8,2,0,7,1,0,0,0,TRUE,TRUE,FALSE,FALSE,FALSE,TRUE,TRUE,SUM,1,2,4,">=, =",0,,FALSE,FALSE,FALSE,FALSE,FALSE,FALSE,FALSE
Q166,6,8,2,0,7,1,0,0,0,TRUE,TRUE,FALSE,FALSE,TRUE,TRUE,TRUE,SUM,1,3,4,">=, =",7,">=, =, >",FALSE,FALSE,FALSE,FALSE,FALSE,FALSE,FALSE
Q167,5,4,0,0,4,0,0,0,0,TRUE,FALSE,FALSE,TRUE,FALSE,FALSE,TRUE,"COUNT, SUM",2,2,4,"IS NOT NULL, !=, =",0,,FALSE,FALSE,FALSE,FALSE,FALSE,FALSE,FALSE
Q168,5,4,0,0,4,0,0,0,0,TRUE,FALSE,FALSE,TRUE,TRUE,FALSE,TRUE,"COUNT, SUM",2,3,4,"IS NOT NULL, !=, =",1,>,FALSE,FALSE,FALSE,FALSE,FALSE,FALSE,FALSE
Q169,5,4,0,0,4,0,0,0,0,TRUE,TRUE,TRUE,TRUE,TRUE,FALSE,TRUE,"COUNT, SUM",2,3,4,"IS NOT NULL, !=, =",1,>,FALSE,FALSE,FALSE,FALSE,FALSE,FALSE,FALSE
Q170,5,4,1,0,4,0,0,0,0,TRUE,TRUE,FALSE,FALSE,FALSE,FALSE,TRUE,SUM,1,2,5,"IS NOT NULL, <=, !=, =",0,,TRUE,FALSE,FALSE,FALSE,FALSE,FALSE,FALSE
Q171,5,4,0,2,4,0,0,0,0,TRUE,TRUE,FALSE,FALSE,FALSE,FALSE,TRUE,SUM,1,1,5,"IS NOT NULL, <=, !=, =",0,,TRUE,FALSE,FALSE,FALSE,FALSE,FALSE,FALSE
Q172,3,2,0,0,2,0,0,0,0,TRUE,FALSE,FALSE,TRUE,FALSE,FALSE,TRUE,"COUNT, SUM",2,2,2,"IN, =",0,,FALSE,FALSE,FALSE,FALSE,FALSE,FALSE,FALSE
Q173,3,2,0,0,2,0,0,0,0,TRUE,FALSE,FALSE,TRUE,TRUE,FALSE,TRUE,"COUNT, SUM",2,3,2,"IN, =",1,>,FALSE,FALSE,FALSE,FALSE,FALSE,FALSE,FALSE
Q174,3,2,0,0,2,0,0,0,0,TRUE,TRUE,TRUE,TRUE,TRUE,FALSE,TRUE,"COUNT, SUM",2,3,2,"IN, =",1,>,FALSE,FALSE,FALSE,FALSE,FALSE,FALSE,FALSE
Q175,4,3,0,0,3,0,0,0,0,TRUE,TRUE,FALSE,FALSE,FALSE,FALSE,TRUE,"COUNT, SUM",2,2,2,"IS NOT NULL, =",0,,FALSE,FALSE,FALSE,FALSE,FALSE,FALSE,FALSE
Q176,4,3,0,0,3,0,0,0,0,TRUE,TRUE,FALSE,FALSE,TRUE,FALSE,TRUE,"COUNT, SUM",2,3,2,"IS NOT NULL, =",1,>,FALSE,FALSE,FALSE,FALSE,FALSE,FALSE,FALSE
Q177,4,3,0,2,3,0,0,0,0,TRUE,TRUE,FALSE,FALSE,TRUE,FALSE,TRUE,"COUNT, SUM",2,3,3,"IS NOT NULL, <=, =",1,>,TRUE,FALSE,FALSE,FALSE,FALSE,FALSE,FALSE
Q178,4,3,0,0,3,0,0,0,0,TRUE,TRUE,FALSE,FALSE,TRUE,TRUE,TRUE,SUM,1,6,2,"IS NOT NULL, IN",2,"=, >",FALSE,FALSE,FALSE,FALSE,FALSE,FALSE,FALSE
Q179,7,6,0,0,6,0,0,0,0,TRUE,TRUE,FALSE,FALSE,FALSE,FALSE,TRUE,"COUNT, SUM",2,4,2,"IS NOT NULL, =",0,,FALSE,FALSE,FALSE,FALSE,FALSE,FALSE,FALSE
Q180,7,6,0,0,6,0,0,0,0,TRUE,TRUE,FALSE,FALSE,TRUE,FALSE,TRUE,"COUNT, SUM",2,5,2,"IS NOT NULL, =",1,>,FALSE,FALSE,FALSE,FALSE,FALSE,FALSE,FALSE
Q181,3,2,0,0,2,0,0,0,0,TRUE,TRUE,FALSE,FALSE,FALSE,TRUE,TRUE,SUM,1,5,3,IN,0,,FALSE,FALSE,FALSE,FALSE,FALSE,FALSE,FALSE
Q182,3,3,2,0,2,1,0,0,0,TRUE,TRUE,FALSE,FALSE,FALSE,FALSE,TRUE,SUM,1,2,2,=,0,,FALSE,FALSE,FALSE,FALSE,FALSE,FALSE,FALSE
Q183,4,3,0,1,3,0,0,0,0,TRUE,TRUE,FALSE,FALSE,FALSE,FALSE,TRUE,SUM,1,7,3,=,0,,FALSE,TRUE,FALSE,FALSE,FALSE,FALSE,FALSE
Q184,4,3,0,2,3,0,0,0,0,TRUE,TRUE,FALSE,FALSE,FALSE,FALSE,TRUE,SUM,1,3,3,=,0,,TRUE,TRUE,FALSE,FALSE,FALSE,FALSE,FALSE
Q185,2,1,1,0,1,0,0,0,0,TRUE,TRUE,FALSE,FALSE,FALSE,FALSE,TRUE,"AVG, SUM",2,2,2,"BETWEEN, =",0,,TRUE,FALSE,FALSE,FALSE,FALSE,FALSE,FALSE
Q186,4,3,0,0,3,0,0,0,0,TRUE,TRUE,FALSE,TRUE,FALSE,FALSE,TRUE,"AVG, COUNT, SUM",3,3,4,"IN, =",0,,FALSE,FALSE,FALSE,FALSE,FALSE,FALSE,FALSE
Q187,4,3,0,0,3,0,0,0,0,TRUE,TRUE,FALSE,TRUE,TRUE,FALSE,TRUE,"AVG, COUNT, SUM",3,5,4,"IN, =",2,>,FALSE,FALSE,FALSE,FALSE,FALSE,FALSE,FALSE
Q188,3,2,0,0,2,0,0,0,0,TRUE,TRUE,FALSE,FALSE,TRUE,FALSE,TRUE,SUM,1,3,1,=,1,>,FALSE,FALSE,FALSE,FALSE,FALSE,FALSE,FALSE
Q189,4,3,0,0,3,0,0,0,0,TRUE,TRUE,FALSE,FALSE,FALSE,FALSE,TRUE,SUM,1,2,2,=,0,,FALSE,FALSE,FALSE,FALSE,FALSE,FALSE,FALSE
Q190,4,3,0,0,3,0,0,0,0,TRUE,TRUE,FALSE,FALSE,TRUE,FALSE,TRUE,SUM,1,3,2,=,1,>,FALSE,FALSE,FALSE,FALSE,FALSE,FALSE,FALSE
Q191,4,3,0,0,3,0,0,0,0,TRUE,TRUE,TRUE,FALSE,TRUE,FALSE,TRUE,SUM,1,3,2,=,1,>,FALSE,FALSE,FALSE,FALSE,FALSE,FALSE,FALSE
Q192,4,5,2,0,4,1,0,0,0,TRUE,TRUE,FALSE,FALSE,FALSE,TRUE,TRUE,SUM,1,2,3,=,0,,FALSE,FALSE,FALSE,FALSE,FALSE,FALSE,FALSE
Q193,4,5,2,0,4,1,0,0,0,TRUE,TRUE,FALSE,FALSE,TRUE,TRUE,TRUE,SUM,1,3,3,=,4,"=, >",FALSE,FALSE,FALSE,FALSE,FALSE,FALSE,FALSE
Q194,4,3,0,0,3,0,0,0,0,TRUE,FALSE,FALSE,FALSE,FALSE,FALSE,TRUE,"COUNT, SUM",2,2,4,"IS NOT NULL, !=, =",0,,FALSE,FALSE,FALSE,FALSE,FALSE,FALSE,FALSE
Q195,4,3,0,0,3,0,0,0,0,TRUE,FALSE,FALSE,FALSE,TRUE,FALSE,TRUE,"COUNT, SUM",2,3,4,"IS NOT NULL, !=, =",1,>,FALSE,FALSE,FALSE,FALSE,FALSE,FALSE,FALSE
Q196,4,3,0,0,3,0,0,0,0,TRUE,TRUE,TRUE,FALSE,TRUE,FALSE,TRUE,"COUNT, SUM",2,3,4,"IS NOT NULL, !=, =",1,>,FALSE,FALSE,FALSE,FALSE,FALSE,FALSE,FALSE
Q197,4,3,0,0,2,1,0,0,0,FALSE,TRUE,FALSE,TRUE,FALSE,TRUE,FALSE,,0,0,1,=,0,,FALSE,FALSE,FALSE,FALSE,FALSE,FALSE,FALSE
Q198,3,3,1,0,2,1,0,0,0,FALSE,TRUE,FALSE,TRUE,FALSE,TRUE,FALSE,,0,0,2,=,0,,FALSE,FALSE,FALSE,FALSE,FALSE,FALSE,FALSE
Q199,3,2,0,0,2,0,0,0,0,TRUE,TRUE,FALSE,FALSE,TRUE,FALSE,TRUE,"AVG, COUNT, SUM",3,4,1,=,1,>,FALSE,FALSE,FALSE,FALSE,FALSE,FALSE,FALSE
Q200,5,4,0,0,4,0,0,0,0,TRUE,TRUE,FALSE,FALSE,FALSE,FALSE,TRUE,"COUNT, SUM",2,2,2,"BETWEEN, =",0,,FALSE,FALSE,FALSE,FALSE,FALSE,FALSE,FALSE
Q201,5,4,0,0,4,0,0,0,0,TRUE,TRUE,FALSE,FALSE,TRUE,FALSE,TRUE,"COUNT, SUM",2,3,2,"BETWEEN, =",1,>,FALSE,FALSE,FALSE,FALSE,FALSE,FALSE,FALSE
Q202,5,4,0,1,4,0,0,0,0,TRUE,TRUE,FALSE,FALSE,TRUE,FALSE,TRUE,"COUNT, SUM",2,3,2,"BETWEEN, =",1,>,TRUE,FALSE,FALSE,FALSE,FALSE,FALSE,FALSE
Q203,3,2,0,0,2,0,0,0,0,TRUE,TRUE,FALSE,FALSE,FALSE,TRUE,TRUE,"COUNT, SUM",2,2,1,=,0,,FALSE,FALSE,FALSE,FALSE,FALSE,FALSE,FALSE
Q204,2,1,0,0,1,0,0,0,0,TRUE,TRUE,FALSE,FALSE,FALSE,FALSE,TRUE,SUM,1,3,2,=,0,,TRUE,FALSE,FALSE,FALSE,FALSE,FALSE,FALSE
Q205,2,1,1,0,1,0,0,0,0,TRUE,TRUE,FALSE,FALSE,TRUE,FALSE,TRUE,SUM,1,3,2,=,1,>,TRUE,FALSE,FALSE,FALSE,FALSE,FALSE,FALSE
Q206,3,2,1,0,2,0,0,0,0,TRUE,TRUE,FALSE,FALSE,TRUE,FALSE,TRUE,SUM,1,3,3,"IN, =",1,>,TRUE,FALSE,FALSE,FALSE,FALSE,FALSE,FALSE
Q207,3,2,1,0,2,0,0,0,0,TRUE,TRUE,FALSE,FALSE,FALSE,TRUE,TRUE,SUM,1,6,6,"IN, =, >",0,,TRUE,FALSE,FALSE,FALSE,FALSE,FALSE,FALSE
Q208,3,4,0,0,4,0,0,0,0,TRUE,TRUE,TRUE,TRUE,FALSE,FALSE,TRUE,COUNT,1,1,3,"!=, =",0,,FALSE,FALSE,FALSE,FALSE,FALSE,FALSE,FALSE
Q209,3,4,0,0,4,0,0,0,0,TRUE,FALSE,FALSE,FALSE,FALSE,FALSE,FALSE,,0,0,3,=,0,,FALSE,FALSE,FALSE,FALSE,FALSE,FALSE,FALSE
Q210,3,4,0,0,4,0,0,0,0,TRUE,FALSE,FALSE,TRUE,TRUE,FALSE,TRUE,COUNT,1,2,3,=,1,>,FALSE,FALSE,FALSE,FALSE,FALSE,FALSE,FALSE
Q211,3,4,0,0,4,0,0,0,0,TRUE,TRUE,TRUE,TRUE,TRUE,FALSE,TRUE,COUNT,1,2,3,=,1,>,FALSE,FALSE,FALSE,FALSE,FALSE,FALSE,FALSE
Q212,3,2,0,0,2,0,0,0,0,TRUE,FALSE,FALSE,FALSE,FALSE,FALSE,TRUE,"MAX, MIN, SUM",3,3,1,BETWEEN,0,,FALSE,FALSE,FALSE,FALSE,FALSE,FALSE,FALSE
Q213,3,4,1,0,3,1,0,0,0,TRUE,FALSE,FALSE,TRUE,FALSE,FALSE,TRUE,"MAX, MIN, SUM",3,3,4,"IS NULL, BETWEEN, =",0,,FALSE,FALSE,FALSE,FALSE,FALSE,FALSE,FALSE
Q214,3,4,1,0,3,1,0,0,0,TRUE,TRUE,TRUE,TRUE,TRUE,FALSE,TRUE,"MAX, MIN, SUM",3,4,4,"IS NULL, BETWEEN, =",1,>,FALSE,FALSE,FALSE,FALSE,FALSE,FALSE,FALSE
Q215,3,4,0,1,3,1,0,0,0,TRUE,TRUE,TRUE,TRUE,TRUE,FALSE,TRUE,"MAX, MIN, SUM",3,4,6,"IS NULL, BETWEEN, =",1,>,FALSE,FALSE,FALSE,FALSE,FALSE,FALSE,FALSE
Q216,3,2,0,0,2,0,0,0,0,TRUE,FALSE,FALSE,FALSE,FALSE,FALSE,TRUE,"COUNT, MAX, MIN",3,3,2,"BETWEEN, IN",0,,FALSE,FALSE,FALSE,FALSE,FALSE,FALSE,FALSE
Q217,4,3,0,0,2,1,0,0,0,TRUE,FALSE,FALSE,FALSE,FALSE,FALSE,TRUE,"COUNT, MAX, MIN, SUM",4,4,2,"BETWEEN, IN",0,,FALSE,FALSE,FALSE,FALSE,FALSE,FALSE,FALSE
Q218,4,3,0,0,2,1,0,0,0,TRUE,TRUE,TRUE,FALSE,TRUE,FALSE,TRUE,"COUNT, MAX, MIN, SUM",4,6,2,"BETWEEN, IN",1,<,FALSE,FALSE,FALSE,FALSE,FALSE,FALSE,FALSE
Q219,3,2,0,0,2,0,0,0,0,TRUE,FALSE,FALSE,FALSE,FALSE,FALSE,TRUE,"MAX, MIN",2,3,2,"BETWEEN, =",0,,FALSE,FALSE,FALSE,FALSE,FALSE,FALSE,FALSE
Q220,4,4,1,0,3,1,0,0,0,TRUE,FALSE,FALSE,TRUE,FALSE,FALSE,TRUE,"MAX, MIN",2,3,4,"BETWEEN, =",0,,FALSE,FALSE,FALSE,FALSE,FALSE,FALSE,FALSE
Q221,4,4,1,0,3,1,0,0,0,TRUE,FALSE,FALSE,TRUE,FALSE,TRUE,TRUE,"MAX, MIN",2,3,4,"BETWEEN, =",0,,FALSE,FALSE,FALSE,FALSE,FALSE,FALSE,FALSE
Q222,4,4,1,0,3,1,0,0,0,TRUE,TRUE,TRUE,TRUE,TRUE,TRUE,TRUE,"MAX, MIN",2,5,4,"BETWEEN, =",2,">, <",FALSE,FALSE,FALSE,FALSE,FALSE,FALSE,FALSE
Q223,4,3,0,0,3,0,0,0,0,TRUE,FALSE,FALSE,FALSE,TRUE,FALSE,TRUE,"AVG, MIN",2,3,2,=,1,<,FALSE,FALSE,FALSE,FALSE,FALSE,FALSE,FALSE
Q224,4,3,0,0,3,0,0,0,0,TRUE,TRUE,TRUE,FALSE,TRUE,FALSE,TRUE,"AVG, MIN",2,3,2,=,1,<,FALSE,FALSE,FALSE,FALSE,FALSE,FALSE,FALSE
Q225,7,6,0,1,6,0,0,0,0,TRUE,TRUE,FALSE,TRUE,TRUE,FALSE,TRUE,"AVG, COUNT, SUM",3,4,3,"IN, LIKE, =",1,>,TRUE,FALSE,FALSE,FALSE,FALSE,FALSE,FALSE
Q226,7,6,1,0,6,0,0,0,0,TRUE,TRUE,FALSE,TRUE,TRUE,FALSE,TRUE,"COUNT, SUM",2,3,3,"IN, LIKE, =",1,>,TRUE,FALSE,FALSE,FALSE,FALSE,FALSE,FALSE
Q227,5,5,1,2,4,1,0,0,0,TRUE,TRUE,TRUE,FALSE,TRUE,FALSE,TRUE,"AVG, SUM",2,4,3,=,1,>,FALSE,FALSE,FALSE,FALSE,FALSE,FALSE,FALSE
Q228,5,5,1,1,4,1,0,0,0,TRUE,TRUE,TRUE,FALSE,TRUE,FALSE,TRUE,"AVG, SUM",2,4,3,=,1,>,FALSE,FALSE,FALSE,FALSE,FALSE,FALSE,FALSE
Q229,4,3,0,0,3,0,0,0,0,TRUE,TRUE,FALSE,TRUE,FALSE,FALSE,TRUE,"AVG, COUNT",2,2,2,"IN, =",0,,FALSE,FALSE,FALSE,FALSE,FALSE,FALSE,FALSE
Q230,7,6,0,0,5,1,0,0,0,TRUE,FALSE,FALSE,FALSE,FALSE,FALSE,TRUE,SUM,1,5,3,"IS NOT NULL, IN, =",0,,FALSE,FALSE,FALSE,FALSE,FALSE,FALSE,FALSE
Q231,7,6,0,0,5,1,0,0,0,TRUE,FALSE,FALSE,FALSE,TRUE,FALSE,TRUE,SUM,1,6,3,"IS NOT NULL, IN, =",1,>,FALSE,FALSE,FALSE,FALSE,FALSE,FALSE,FALSE
Q232,7,6,0,0,5,1,0,0,0,TRUE,TRUE,TRUE,FALSE,TRUE,FALSE,TRUE,SUM,1,6,3,"IS NOT NULL, IN, =",1,>,FALSE,FALSE,FALSE,FALSE,FALSE,FALSE,FALSE
Q233,4,2,1,0,2,0,0,0,0,TRUE,TRUE,FALSE,FALSE,FALSE,FALSE,TRUE,SUM,1,1,3,=,0,,FALSE,FALSE,FALSE,FALSE,FALSE,FALSE,FALSE
Q234,4,3,0,2,3,0,0,0,0,TRUE,TRUE,FALSE,FALSE,FALSE,FALSE,TRUE,SUM,1,5,1,=,0,,FALSE,FALSE,FALSE,FALSE,FALSE,FALSE,FALSE
Q235,4,5,1,0,5,0,0,0,0,TRUE,TRUE,FALSE,FALSE,FALSE,FALSE,TRUE,SUM,1,1,9,"IS NOT NULL, <>, =",0,,FALSE,FALSE,FALSE,FALSE,FALSE,FALSE,FALSE
Q236,2,1,1,0,1,0,0,0,0,TRUE,TRUE,FALSE,FALSE,FALSE,FALSE,TRUE,SUM,1,2,5,"IS NOT NULL, <>",0,,FALSE,TRUE,FALSE,FALSE,FALSE,FALSE,FALSE
Q237,2,1,0,0,1,0,0,0,0,TRUE,TRUE,FALSE,FALSE,FALSE,TRUE,TRUE,SUM,1,1,3,"IS NOT NULL, IN, <>",0,,FALSE,FALSE,FALSE,FALSE,FALSE,TRUE,FALSE
Q238,4,3,0,0,3,0,0,0,0,TRUE,TRUE,FALSE,FALSE,FALSE,TRUE,TRUE,SUM,1,1,2,"IS NOT NULL, <>",0,,FALSE,FALSE,FALSE,FALSE,TRUE,FALSE,TRUE
Q239,4,3,0,1,3,0,0,0,0,TRUE,TRUE,FALSE,FALSE,FALSE,FALSE,TRUE,SUM,1,2,5,"IS NOT NULL, <>, =",0,,TRUE,FALSE,FALSE,FALSE,FALSE,FALSE,FALSE
Q240,4,3,0,2,3,0,0,0,0,TRUE,TRUE,FALSE,FALSE,FALSE,FALSE,TRUE,SUM,1,1,5,"IS NOT NULL, <=, <>, =",0,,TRUE,FALSE,FALSE,FALSE,FALSE,FALSE,FALSE
Q241,4,3,0,2,3,0,0,0,0,TRUE,TRUE,FALSE,FALSE,FALSE,FALSE,TRUE,SUM,1,1,5,"IS NOT NULL, <=, <>, =",0,,TRUE,FALSE,FALSE,FALSE,FALSE,FALSE,FALSE
Q242,4,3,0,0,3,0,0,0,0,TRUE,TRUE,FALSE,TRUE,TRUE,FALSE,TRUE,"COUNT, SUM",2,3,0,,1,>=,FALSE,FALSE,FALSE,FALSE,FALSE,FALSE,FALSE
Q243,3,2,0,0,2,0,0,0,0,TRUE,TRUE,FALSE,FALSE,FALSE,FALSE,TRUE,"COUNT, SUM",2,2,3,"IS NOT NULL, =",0,,FALSE,FALSE,FALSE,FALSE,FALSE,FALSE,FALSE
Q244,4,3,0,2,3,0,0,0,0,TRUE,TRUE,FALSE,FALSE,TRUE,FALSE,TRUE,"COUNT, SUM",2,3,5,"IS NOT NULL, <=, =",1,>,TRUE,FALSE,FALSE,FALSE,FALSE,FALSE,FALSE
Q245,4,3,0,0,3,0,0,0,0,TRUE,TRUE,TRUE,FALSE,TRUE,FALSE,TRUE,"COUNT, SUM",2,3,4,"IS NOT NULL, =",1,>=,FALSE,FALSE,FALSE,FALSE,FALSE,FALSE,FALSE
Q246,5,4,0,0,4,0,0,0,0,TRUE,TRUE,FALSE,TRUE,FALSE,FALSE,TRUE,"COUNT, SUM",2,2,4,"IS NOT NULL, BETWEEN, IN, =",0,,FALSE,FALSE,FALSE,FALSE,FALSE,FALSE,FALSE
Q247,4,3,0,0,3,0,0,0,0,TRUE,TRUE,FALSE,FALSE,FALSE,FALSE,TRUE,SUM,1,2,2,IS NOT NULL,0,,FALSE,FALSE,FALSE,FALSE,FALSE,FALSE,FALSE
Q248,4,3,1,0,2,1,0,0,0,TRUE,TRUE,TRUE,FALSE,FALSE,FALSE,TRUE,SUM,1,1,4,"IS NOT NULL, IS NULL, =",0,,FALSE,FALSE,FALSE,FALSE,FALSE,FALSE,FALSE
Q249,4,3,0,0,3,0,0,0,0,TRUE,FALSE,FALSE,FALSE,FALSE,FALSE,TRUE,SUM,1,2,3,"IS NOT NULL, >",0,,FALSE,FALSE,FALSE,FALSE,FALSE,FALSE,FALSE
Q250,4,3,0,0,3,0,0,0,0,TRUE,TRUE,TRUE,FALSE,FALSE,FALSE,TRUE,SUM,1,2,3,"IS NOT NULL, >",0,,FALSE,FALSE,FALSE,FALSE,FALSE,FALSE,FALSE
